Is_Recent,Track Score
0,38.90796050601666
1,48.84613686534216
